train_i2t_loss,train_loss,epoch,step,val_i2t_loss,val_loss
2.7762482166290283,2.7762482166290283,0,49,,
2.777966022491455,2.777966022491455,0,99,,
2.774261474609375,2.774261474609375,0,149,,
2.776557683944702,2.776557683944702,0,199,,
2.7734017372131348,2.7734017372131348,0,249,,
,,0,257,2.7752456665039062,2.7752456665039062
